{
    "images": [
        {
            "height": 550,
            "width": 1020,
            "id": 0,
            "file_name": "images/160.jpg"
        },
        {
            "height": 550,
            "width": 1020,
            "id": 1,
            "file_name": "images/1200.jpg"
        },
        {
            "height": 550,
            "width": 1020,
            "id": 2,
            "file_name": "images/880.jpg"
        },
        {
            "height": 550,
            "width": 1020,
            "id": 3,
            "file_name": "images/320.jpg"
        },
        {
            "height": 550,
            "width": 1020,
            "id": 4,
            "file_name": "images/1040.jpg"
        },
        {
            "height": 550,
            "width": 1020,
            "id": 5,
            "file_name": "images/480.jpg"
        },
        {
            "height": 550,
            "width": 1020,
            "id": 6,
            "file_name": "images/240.jpg"
        },
        {
            "height": 550,
            "width": 1020,
            "id": 7,
            "file_name": "images/400.jpg"
        },
        {
            "height": 550,
            "width": 1020,
            "id": 8,
            "file_name": "images/80.jpg"
        }
    ],
    "categories": [
        {
            "supercategory": "bus",
            "id": 0,
            "name": "bus"
        },
        {
            "supercategory": "car",
            "id": 1,
            "name": "car"
        },
        {
            "supercategory": "truck",
            "id": 2,
            "name": "truck"
        }
    ],
    "annotations": [
        {
            "segmentation": [
                [
                    255.0,
                    227.0,
                    220.0,
                    241.0,
                    202.0,
                    282.0,
                    216.0,
                    369.0,
                    321.0,
                    369.0,
                    342.0,
                    362.0,
                    348.0,
                    291.0,
                    317.0,
                    228.0
                ]
            ],
            "iscrowd": 0,
            "area": 17890.0,
            "image_id": 0,
            "bbox": [
                202.0,
                227.0,
                146.0,
                142.0
            ],
            "category_id": 2,
            "id": 1
        },
        {
            "segmentation": [
                [
                    731.0,
                    34.0,
                    728.0,
                    85.0,
                    793.0,
                    85.0,
                    790.0,
                    34.0
                ]
            ],
            "iscrowd": 0,
            "area": 3162.0,
            "image_id": 0,
            "bbox": [
                728.0,
                34.0,
                65.0,
                51.0
            ],
            "category_id": 1,
            "id": 2
        },
        {
            "segmentation": [
                [
                    518.0,
                    247.0,
                    489.0,
                    275.0,
                    486.0,
                    328.0,
                    573.0,
                    329.0,
                    584.0,
                    322.0,
                    576.0,
                    244.0
                ]
            ],
            "iscrowd": 0,
            "area": 7183.5,
            "image_id": 0,
            "bbox": [
                486.0,
                244.0,
                98.0,
                85.0
            ],
            "category_id": 1,
            "id": 3
        },
        {
            "segmentation": [
                [
                    525.0,
                    135.0,
                    476.0,
                    133.0,
                    449.0,
                    187.0,
                    459.0,
                    243.0,
                    458.0,
                    278.0,
                    482.0,
                    283.0,
                    500.0,
                    242.0,
                    578.0,
                    240.0,
                    573.0,
                    139.0
                ]
            ],
            "iscrowd": 0,
            "area": 13735.0,
            "image_id": 0,
            "bbox": [
                449.0,
                133.0,
                129.0,
                150.0
            ],
            "category_id": 0,
            "id": 4
        },
        {
            "segmentation": [
                [
                    362.0,
                    397.0,
                    515.0,
                    393.0,
                    505.0,
                    219.0,
                    382.0,
                    220.0
                ]
            ],
            "iscrowd": 0,
            "area": 24206.5,
            "image_id": 1,
            "bbox": [
                362.0,
                219.0,
                153.0,
                178.0
            ],
            "category_id": 0,
            "id": 5
        },
        {
            "segmentation": [
                [
                    619.0,
                    212.0,
                    686.0,
                    209.0,
                    666.0,
                    146.0,
                    628.0,
                    147.0
                ]
            ],
            "iscrowd": 0,
            "area": 3371.0,
            "image_id": 1,
            "bbox": [
                619.0,
                146.0,
                67.0,
                66.0
            ],
            "category_id": 1,
            "id": 6
        },
        {
            "segmentation": [
                [
                    784.0,
                    185.0,
                    858.0,
                    176.0,
                    839.0,
                    106.0,
                    792.0,
                    109.0
                ]
            ],
            "iscrowd": 0,
            "area": 4449.5,
            "image_id": 1,
            "bbox": [
                784.0,
                106.0,
                74.0,
                79.0
            ],
            "category_id": 1,
            "id": 7
        },
        {
            "segmentation": [
                [
                    814.0,
                    95.0,
                    907.0,
                    89.0,
                    903.0,
                    3.0,
                    816.0,
                    14.0
                ]
            ],
            "iscrowd": 0,
            "area": 7523.5,
            "image_id": 1,
            "bbox": [
                814.0,
                3.0,
                93.0,
                92.0
            ],
            "category_id": 0,
            "id": 8
        },
        {
            "segmentation": [
                [
                    665.0,
                    233.0,
                    594.0,
                    233.0,
                    605.0,
                    162.0,
                    653.0,
                    160.0
                ]
            ],
            "iscrowd": 0,
            "area": 4284.5,
            "image_id": 2,
            "bbox": [
                594.0,
                160.0,
                71.0,
                73.0
            ],
            "category_id": 2,
            "id": 9
        },
        {
            "segmentation": [
                [
                    557.0,
                    222.0,
                    483.0,
                    220.0,
                    492.0,
                    159.0,
                    554.0,
                    158.0,
                    562.0,
                    218.0
                ]
            ],
            "iscrowd": 0,
            "area": 4417.5,
            "image_id": 2,
            "bbox": [
                483.0,
                158.0,
                79.0,
                64.0
            ],
            "category_id": 1,
            "id": 10
        },
        {
            "segmentation": [
                [
                    399.0,
                    270.0,
                    450.0,
                    265.0,
                    483.0,
                    311.0,
                    473.0,
                    334.0,
                    377.0,
                    334.0
                ]
            ],
            "iscrowd": 0,
            "area": 5498.5,
            "image_id": 2,
            "bbox": [
                377.0,
                265.0,
                106.0,
                69.0
            ],
            "category_id": 1,
            "id": 11
        },
        {
            "segmentation": [
                [
                    302.0,
                    413.0,
                    180.0,
                    420.0,
                    212.0,
                    344.0,
                    265.0,
                    340.0,
                    289.0,
                    345.0,
                    296.0,
                    362.0,
                    297.0,
                    386.0
                ]
            ],
            "iscrowd": 0,
            "area": 7397.0,
            "image_id": 2,
            "bbox": [
                180.0,
                340.0,
                122.0,
                80.0
            ],
            "category_id": 1,
            "id": 12
        },
        {
            "segmentation": [
                [
                    394.0,
                    415.0,
                    467.0,
                    413.0,
                    486.0,
                    410.0,
                    497.0,
                    374.0,
                    482.0,
                    349.0,
                    452.0,
                    338.0,
                    402.0,
                    338.0
                ]
            ],
            "iscrowd": 0,
            "area": 6713.0,
            "image_id": 2,
            "bbox": [
                394.0,
                338.0,
                103.0,
                77.0
            ],
            "category_id": 1,
            "id": 13
        },
        {
            "segmentation": [
                [
                    524.0,
                    426.0,
                    639.0,
                    432.0,
                    650.0,
                    389.0,
                    636.0,
                    355.0,
                    580.0,
                    344.0,
                    534.0,
                    349.0,
                    532.0,
                    380.0
                ]
            ],
            "iscrowd": 0,
            "area": 9178.5,
            "image_id": 2,
            "bbox": [
                524.0,
                344.0,
                126.0,
                88.0
            ],
            "category_id": 1,
            "id": 14
        },
        {
            "segmentation": [
                [
                    711.0,
                    183.0,
                    827.0,
                    183.0,
                    807.0,
                    64.0,
                    733.0,
                    58.0,
                    708.0,
                    105.0,
                    706.0,
                    190.0
                ]
            ],
            "iscrowd": 0,
            "area": 12844.0,
            "image_id": 2,
            "bbox": [
                706.0,
                58.0,
                121.0,
                132.0
            ],
            "category_id": 0,
            "id": 15
        },
        {
            "segmentation": [
                [
                    273.0,
                    273.0,
                    240.0,
                    427.0,
                    370.0,
                    451.0,
                    396.0,
                    441.0,
                    384.0,
                    274.0
                ]
            ],
            "iscrowd": 0,
            "area": 22467.5,
            "image_id": 3,
            "bbox": [
                240.0,
                273.0,
                156.0,
                178.0
            ],
            "category_id": 0,
            "id": 16
        },
        {
            "segmentation": [
                [
                    197.0,
                    423.0,
                    200.0,
                    432.0,
                    289.0,
                    437.0,
                    310.0,
                    532.0,
                    186.0,
                    546.0
                ]
            ],
            "iscrowd": 0,
            "area": 11379.0,
            "image_id": 3,
            "bbox": [
                186.0,
                423.0,
                124.0,
                123.0
            ],
            "category_id": 1,
            "id": 17
        },
        {
            "segmentation": [
                [
                    532.0,
                    196.0,
                    612.0,
                    193.0,
                    598.0,
                    125.0,
                    539.0,
                    122.0
                ]
            ],
            "iscrowd": 0,
            "area": 4934.5,
            "image_id": 3,
            "bbox": [
                532.0,
                122.0,
                80.0,
                74.0
            ],
            "category_id": 1,
            "id": 18
        },
        {
            "segmentation": [
                [
                    873.0,
                    140.0,
                    939.0,
                    132.0,
                    932.0,
                    77.0,
                    876.0,
                    71.0
                ]
            ],
            "iscrowd": 0,
            "area": 3784.0,
            "image_id": 3,
            "bbox": [
                873.0,
                71.0,
                66.0,
                69.0
            ],
            "category_id": 1,
            "id": 19
        },
        {
            "segmentation": [
                [
                    1017.0,
                    140.0,
                    983.0,
                    142.0,
                    991.0,
                    83.0,
                    1013.0,
                    83.0
                ]
            ],
            "iscrowd": 0,
            "area": 1622.0,
            "image_id": 3,
            "bbox": [
                983.0,
                83.0,
                34.0,
                59.0
            ],
            "category_id": 1,
            "id": 20
        },
        {
            "segmentation": [
                [
                    858.0,
                    42.0,
                    789.0,
                    48.0,
                    800.0,
                    8.0,
                    847.0,
                    6.0
                ]
            ],
            "iscrowd": 0,
            "area": 2204.0,
            "image_id": 3,
            "bbox": [
                789.0,
                6.0,
                69.0,
                42.0
            ],
            "category_id": 1,
            "id": 21
        },
        {
            "segmentation": [
                [
                    392.0,
                    322.0,
                    477.0,
                    314.0,
                    465.0,
                    225.0,
                    390.0,
                    222.0
                ]
            ],
            "iscrowd": 0,
            "area": 7577.5,
            "image_id": 4,
            "bbox": [
                390.0,
                222.0,
                87.0,
                100.0
            ],
            "category_id": 2,
            "id": 22
        },
        {
            "segmentation": [
                [
                    621.0,
                    130.0,
                    725.0,
                    131.0,
                    738.0,
                    249.0,
                    623.0,
                    266.0,
                    621.0,
                    137.0
                ]
            ],
            "iscrowd": 0,
            "area": 13973.5,
            "image_id": 4,
            "bbox": [
                621.0,
                130.0,
                117.0,
                136.0
            ],
            "category_id": 0,
            "id": 23
        },
        {
            "segmentation": [
                [
                    830.0,
                    118.0,
                    895.0,
                    108.0,
                    885.0,
                    65.0,
                    840.0,
                    63.0
                ]
            ],
            "iscrowd": 0,
            "area": 2695.0,
            "image_id": 4,
            "bbox": [
                830.0,
                63.0,
                65.0,
                55.0
            ],
            "category_id": 1,
            "id": 24
        },
        {
            "segmentation": [
                [
                    815.0,
                    494.0,
                    909.0,
                    486.0,
                    932.0,
                    537.0,
                    804.0,
                    544.0
                ]
            ],
            "iscrowd": 0,
            "area": 5650.5,
            "image_id": 4,
            "bbox": [
                804.0,
                486.0,
                128.0,
                58.0
            ],
            "category_id": 1,
            "id": 25
        },
        {
            "segmentation": [
                [
                    775.0,
                    224.0,
                    703.0,
                    226.0,
                    707.0,
                    146.0,
                    775.0,
                    148.0
                ]
            ],
            "iscrowd": 0,
            "area": 5460.0,
            "image_id": 5,
            "bbox": [
                703.0,
                146.0,
                72.0,
                80.0
            ],
            "category_id": 1,
            "id": 26
        },
        {
            "segmentation": [
                [
                    785.0,
                    258.0,
                    863.0,
                    250.0,
                    849.0,
                    176.0,
                    803.0,
                    178.0
                ]
            ],
            "iscrowd": 0,
            "area": 4764.0,
            "image_id": 5,
            "bbox": [
                785.0,
                176.0,
                78.0,
                82.0
            ],
            "category_id": 1,
            "id": 27
        },
        {
            "segmentation": [
                [
                    877.0,
                    208.0,
                    917.0,
                    203.0,
                    913.0,
                    154.0,
                    858.0,
                    155.0,
                    852.0,
                    173.0
                ]
            ],
            "iscrowd": 0,
            "area": 2787.0,
            "image_id": 5,
            "bbox": [
                852.0,
                154.0,
                65.0,
                54.0
            ],
            "category_id": 1,
            "id": 28
        },
        {
            "segmentation": [
                [
                    860.0,
                    121.0,
                    797.0,
                    122.0,
                    803.0,
                    77.0,
                    853.0,
                    77.0
                ]
            ],
            "iscrowd": 0,
            "area": 2514.5,
            "image_id": 5,
            "bbox": [
                797.0,
                77.0,
                63.0,
                45.0
            ],
            "category_id": 1,
            "id": 29
        },
        {
            "segmentation": [
                [
                    750.0,
                    108.0,
                    690.0,
                    108.0,
                    699.0,
                    63.0,
                    739.0,
                    63.0
                ]
            ],
            "iscrowd": 0,
            "area": 2250.0,
            "image_id": 5,
            "bbox": [
                690.0,
                63.0,
                60.0,
                45.0
            ],
            "category_id": 1,
            "id": 30
        },
        {
            "segmentation": [
                [
                    939.0,
                    58.0,
                    901.0,
                    56.0,
                    911.0,
                    17.0,
                    937.0,
                    17.0
                ]
            ],
            "iscrowd": 0,
            "area": 1284.0,
            "image_id": 5,
            "bbox": [
                901.0,
                17.0,
                38.0,
                41.0
            ],
            "category_id": 1,
            "id": 31
        },
        {
            "segmentation": [
                [
                    875.0,
                    325.0,
                    967.0,
                    320.0,
                    971.0,
                    389.0,
                    860.0,
                    395.0
                ]
            ],
            "iscrowd": 0,
            "area": 7024.0,
            "image_id": 5,
            "bbox": [
                860.0,
                320.0,
                111.0,
                75.0
            ],
            "category_id": 1,
            "id": 32
        },
        {
            "segmentation": [
                [
                    871.0,
                    45.0,
                    817.0,
                    46.0,
                    820.0,
                    4.0,
                    868.0,
                    8.0
                ]
            ],
            "iscrowd": 0,
            "area": 2014.5,
            "image_id": 5,
            "bbox": [
                817.0,
                4.0,
                54.0,
                42.0
            ],
            "category_id": 2,
            "id": 33
        },
        {
            "segmentation": [
                [
                    374.0,
                    183.0,
                    335.0,
                    252.0,
                    346.0,
                    305.0,
                    430.0,
                    312.0,
                    436.0,
                    335.0,
                    466.0,
                    340.0,
                    483.0,
                    332.0,
                    481.0,
                    190.0,
                    380.0,
                    181.0
                ]
            ],
            "iscrowd": 0,
            "area": 17923.5,
            "image_id": 6,
            "bbox": [
                335.0,
                181.0,
                148.0,
                159.0
            ],
            "category_id": 0,
            "id": 34
        },
        {
            "segmentation": [
                [
                    341.0,
                    314.0,
                    326.0,
                    407.0,
                    435.0,
                    410.0,
                    429.0,
                    321.0
                ]
            ],
            "iscrowd": 0,
            "area": 8986.0,
            "image_id": 6,
            "bbox": [
                326.0,
                314.0,
                109.0,
                96.0
            ],
            "category_id": 1,
            "id": 35
        },
        {
            "segmentation": [
                [
                    644.0,
                    61.0,
                    634.0,
                    125.0,
                    702.0,
                    126.0,
                    694.0,
                    65.0
                ]
            ],
            "iscrowd": 0,
            "area": 3690.0,
            "image_id": 6,
            "bbox": [
                634.0,
                61.0,
                68.0,
                65.0
            ],
            "category_id": 1,
            "id": 36
        },
        {
            "segmentation": [
                [
                    959.0,
                    18.0,
                    1011.0,
                    19.0,
                    1014.0,
                    71.0,
                    969.0,
                    77.0
                ]
            ],
            "iscrowd": 0,
            "area": 2708.0,
            "image_id": 6,
            "bbox": [
                959.0,
                18.0,
                55.0,
                59.0
            ],
            "category_id": 1,
            "id": 37
        },
        {
            "segmentation": [
                [
                    185.0,
                    342.0,
                    284.0,
                    356.0,
                    292.0,
                    536.0,
                    115.0,
                    542.0,
                    119.0,
                    404.0,
                    180.0,
                    372.0
                ]
            ],
            "iscrowd": 0,
            "area": 29939.0,
            "image_id": 7,
            "bbox": [
                115.0,
                342.0,
                177.0,
                200.0
            ],
            "category_id": 0,
            "id": 38
        },
        {
            "segmentation": [
                [
                    784.0,
                    419.0,
                    874.0,
                    417.0,
                    893.0,
                    492.0,
                    881.0,
                    504.0,
                    775.0,
                    503.0,
                    763.0,
                    454.0
                ]
            ],
            "iscrowd": 0,
            "area": 9667.0,
            "image_id": 7,
            "bbox": [
                763.0,
                417.0,
                130.0,
                87.0
            ],
            "category_id": 1,
            "id": 39
        },
        {
            "segmentation": [
                [
                    797.0,
                    163.0,
                    863.0,
                    161.0,
                    867.0,
                    98.0,
                    806.0,
                    93.0
                ]
            ],
            "iscrowd": 0,
            "area": 4232.5,
            "image_id": 7,
            "bbox": [
                797.0,
                93.0,
                70.0,
                70.0
            ],
            "category_id": 1,
            "id": 40
        },
        {
            "segmentation": [
                [
                    814.0,
                    66.0,
                    744.0,
                    66.0,
                    751.0,
                    19.0,
                    798.0,
                    19.0
                ]
            ],
            "iscrowd": 0,
            "area": 2749.5,
            "image_id": 7,
            "bbox": [
                744.0,
                19.0,
                70.0,
                47.0
            ],
            "category_id": 1,
            "id": 41
        },
        {
            "segmentation": [
                [
                    879.0,
                    64.0,
                    932.0,
                    60.0,
                    927.0,
                    16.0,
                    882.0,
                    17.0
                ]
            ],
            "iscrowd": 0,
            "area": 2232.0,
            "image_id": 7,
            "bbox": [
                879.0,
                16.0,
                53.0,
                48.0
            ],
            "category_id": 1,
            "id": 42
        },
        {
            "segmentation": [
                [
                    941.0,
                    173.0,
                    898.0,
                    176.0,
                    902.0,
                    113.0,
                    939.0,
                    109.0
                ]
            ],
            "iscrowd": 0,
            "area": 2536.5,
            "image_id": 7,
            "bbox": [
                898.0,
                109.0,
                43.0,
                67.0
            ],
            "category_id": 1,
            "id": 43
        },
        {
            "segmentation": [
                [
                    981.0,
                    141.0,
                    1008.0,
                    137.0,
                    993.0,
                    91.0,
                    965.0,
                    92.0
                ]
            ],
            "iscrowd": 0,
            "area": 1345.0,
            "image_id": 7,
            "bbox": [
                965.0,
                91.0,
                43.0,
                50.0
            ],
            "category_id": 1,
            "id": 44
        },
        {
            "segmentation": [
                [
                    1013.0,
                    66.0,
                    977.0,
                    63.0,
                    979.0,
                    18.0,
                    1012.0,
                    20.0
                ]
            ],
            "iscrowd": 0,
            "area": 1571.0,
            "image_id": 7,
            "bbox": [
                977.0,
                18.0,
                36.0,
                48.0
            ],
            "category_id": 1,
            "id": 45
        },
        {
            "segmentation": [
                [
                    389.0,
                    189.0,
                    357.0,
                    248.0,
                    371.0,
                    321.0,
                    465.0,
                    325.0,
                    488.0,
                    314.0,
                    492.0,
                    251.0,
                    481.0,
                    247.0,
                    464.0,
                    200.0,
                    450.0,
                    190.0,
                    425.0,
                    186.0
                ]
            ],
            "iscrowd": 0,
            "area": 15113.0,
            "image_id": 8,
            "bbox": [
                357.0,
                186.0,
                135.0,
                139.0
            ],
            "category_id": 2,
            "id": 46
        },
        {
            "segmentation": [
                [
                    600.0,
                    101.0,
                    663.0,
                    102.0,
                    677.0,
                    186.0,
                    671.0,
                    190.0,
                    642.0,
                    196.0,
                    627.0,
                    229.0,
                    569.0,
                    237.0,
                    558.0,
                    172.0,
                    553.0,
                    163.0,
                    557.0,
                    129.0,
                    577.0,
                    102.0
                ]
            ],
            "iscrowd": 0,
            "area": 12874.5,
            "image_id": 8,
            "bbox": [
                553.0,
                101.0,
                124.0,
                136.0
            ],
            "category_id": 0,
            "id": 47
        },
        {
            "segmentation": [
                [
                    671.0,
                    195.0,
                    703.0,
                    192.0,
                    711.0,
                    212.0,
                    717.0,
                    259.0,
                    710.0,
                    271.0,
                    632.0,
                    270.0,
                    627.0,
                    233.0,
                    644.0,
                    200.0
                ]
            ],
            "iscrowd": 0,
            "area": 5977.5,
            "image_id": 8,
            "bbox": [
                627.0,
                192.0,
                90.0,
                79.0
            ],
            "category_id": 1,
            "id": 48
        },
        {
            "segmentation": [
                [
                    800.0,
                    7.0,
                    801.0,
                    54.0,
                    854.0,
                    50.0,
                    860.0,
                    36.0,
                    855.0,
                    8.0
                ]
            ],
            "iscrowd": 0,
            "area": 2522.0,
            "image_id": 8,
            "bbox": [
                800.0,
                7.0,
                60.0,
                47.0
            ],
            "category_id": 1,
            "id": 49
        }
    ]
}
